path,label
images/busuk/IMG_8450.JPG,busuk
images/busuk/IMG_8451.JPG,busuk
images/busuk/IMG_8452.JPG,busuk
images/busuk/IMG_8453.JPG,busuk
images/busuk/IMG_8454.JPG,busuk
images/busuk/IMG_8455.JPG,busuk
images/busuk/IMG_8456.JPG,busuk
images/busuk/IMG_8457.JPG,busuk
images/busuk/IMG_8458.JPG,busuk
images/busuk/IMG_8459.JPG,busuk
images/busuk/IMG_8460.JPG,busuk
images/busuk/IMG_8461.JPG,busuk
images/busuk/IMG_8462.JPG,busuk
images/busuk/IMG_8463.JPG,busuk
images/busuk/IMG_8464.JPG,busuk
images/busuk/IMG_8465.JPG,busuk
images/busuk/IMG_8466.JPG,busuk
images/busuk/IMG_8467.JPG,busuk
images/busuk/IMG_8468.JPG,busuk
images/busuk/IMG_8469.JPG,busuk
images/busuk/IMG_8497.JPG,busuk
images/busuk/IMG_8498.JPG,busuk
images/busuk/IMG_8499.JPG,busuk
images/busuk/IMG_8500.JPG,busuk
images/busuk/IMG_8501.JPG,busuk
images/busuk/IMG_8502.JPG,busuk
images/busuk/IMG_8503.JPG,busuk
images/busuk/IMG_8504.JPG,busuk
images/busuk/IMG_8505.JPG,busuk
images/busuk/IMG_8506.JPG,busuk
images/busuk/IMG_8511.JPG,busuk
images/busuk/IMG_8512.JPG,busuk
images/busuk/IMG_8513.JPG,busuk
images/busuk/IMG_8515.JPG,busuk
images/busuk/IMG_8516.JPG,busuk
images/busuk/IMG_8517.JPG,busuk
images/busuk/IMG_8518.JPG,busuk
images/busuk/IMG_8519.JPG,busuk
images/busuk/IMG_8520.JPG,busuk
images/busuk/IMG_8521.JPG,busuk
images/busuk/IMG_8522.JPG,busuk
images/busuk/IMG_8523.JPG,busuk
images/busuk/IMG_8524.JPG,busuk
images/busuk/IMG_8525.JPG,busuk
images/busuk/IMG_8526.JPG,busuk
images/busuk/IMG_8527.JPG,busuk
images/busuk/IMG_8528.JPG,busuk
images/busuk/IMG_8529.JPG,busuk
images/busuk/IMG_8530.JPG,busuk
images/busuk/IMG_8531.JPG,busuk
images/busuk/IMG_8532.JPG,busuk
images/busuk/IMG_8533.JPG,busuk
images/busuk/IMG_8534.JPG,busuk
images/busuk/IMG_8535.JPG,busuk
images/busuk/IMG_8536.JPG,busuk
images/busuk/IMG_8537.JPG,busuk
images/busuk/IMG_8538.JPG,busuk
images/busuk/IMG_8539.JPG,busuk
images/busuk/IMG_8540.JPG,busuk
images/busuk/IMG_8541.JPG,busuk
images/busuk/IMG_8542.JPG,busuk
images/busuk/IMG_8543.JPG,busuk
images/busuk/IMG_8544.JPG,busuk
images/busuk/IMG_8545.JPG,busuk
images/busuk/IMG_8546.JPG,busuk
images/busuk/IMG_8564.JPG,busuk
images/busuk/IMG_8565.JPG,busuk
images/busuk/IMG_8566.JPG,busuk
images/busuk/IMG_8567.JPG,busuk
images/busuk/IMG_8568.JPG,busuk
images/busuk/IMG_8569.JPG,busuk
images/busuk/IMG_8570.JPG,busuk
images/busuk/IMG_8571.JPG,busuk
images/busuk/IMG_8769.JPG,busuk
images/busuk/IMG_8770.JPG,busuk
images/busuk/IMG_8771.JPG,busuk
images/busuk/IMG_8772.JPG,busuk
images/busuk/IMG_8773.JPG,busuk
images/busuk/IMG_8774.JPG,busuk
images/busuk/IMG_8775.JPG,busuk
images/busuk/IMG_8776.JPG,busuk
images/busuk/IMG_8777.JPG,busuk
images/busuk/IMG_8778.JPG,busuk
images/busuk/IMG_8779.JPG,busuk
images/busuk/IMG_8780.JPG,busuk
images/busuk/IMG_8781.JPG,busuk
images/busuk/IMG_8782.JPG,busuk
images/busuk/IMG_8783.JPG,busuk
images/busuk/IMG_8784.JPG,busuk
images/busuk/IMG_8785.JPG,busuk
images/busuk/IMG_8786.JPG,busuk
images/busuk/IMG_8787.JPG,busuk
images/busuk/IMG_8788.JPG,busuk
images/busuk/IMG_8789.JPG,busuk
images/busuk/IMG_9012.JPG,busuk
images/busuk/IMG_9013.JPG,busuk
images/busuk/IMG_9182.JPG,busuk
images/busuk/IMG_9183.JPG,busuk
images/busuk/IMG_9184.JPG,busuk
images/busuk/IMG_9185.JPG,busuk
images/busuk/IMG_9186.JPG,busuk
images/busuk/IMG_9187.JPG,busuk
images/busuk/IMG_9188.JPG,busuk
images/busuk/IMG_9189.JPG,busuk
images/busuk/IMG_9190.JPG,busuk
images/busuk/IMG_9191.JPG,busuk
images/busuk/IMG_9192.JPG,busuk
images/busuk/IMG_9193.JPG,busuk
images/busuk/IMG_9194.JPG,busuk
images/busuk/IMG_9195.JPG,busuk
images/busuk/IMG_9196.JPG,busuk
images/busuk/IMG_9197.JPG,busuk
images/busuk/IMG_9198.JPG,busuk
images/busuk/IMG_9199.JPG,busuk
images/busuk/IMG_9200.JPG,busuk
images/busuk/IMG_9201.JPG,busuk
images/busuk/IMG_9202.JPG,busuk
images/busuk/IMG_9203.JPG,busuk
images/busuk/IMG_9204.JPG,busuk
images/busuk/IMG_9205.JPG,busuk
images/busuk/IMG_9206.JPG,busuk
images/busuk/IMG_9207.JPG,busuk
images/busuk/IMG_9208.JPG,busuk
images/busuk/IMG_9209.JPG,busuk
images/busuk/IMG_9210.JPG,busuk
images/busuk/IMG_9211.JPG,busuk
images/busuk/IMG_9212.JPG,busuk
images/busuk/IMG_9213.JPG,busuk
images/busuk/IMG_9220.JPG,busuk
images/busuk/IMG_9221.JPG,busuk
images/busuk/IMG_9222.JPG,busuk
images/busuk/IMG_9223.JPG,busuk
images/busuk/IMG_9224.JPG,busuk
images/busuk/IMG_9225.JPG,busuk
images/busuk/IMG_9226.JPG,busuk
images/busuk/IMG_9227.JPG,busuk
images/busuk/IMG_9313.JPG,busuk
images/busuk/IMG_9329.JPG,busuk
images/busuk/IMG_9330.JPG,busuk
images/busuk/IMG_9331.JPG,busuk
images/busuk/IMG_9332.JPG,busuk
images/busuk/IMG_9333.JPG,busuk
images/busuk/IMG_9334.JPG,busuk
images/busuk/IMG_9335.JPG,busuk
images/busuk/IMG_9336.JPG,busuk
images/busuk/IMG_9337.JPG,busuk
images/busuk/IMG_9338.JPG,busuk
images/busuk/IMG_9339.JPG,busuk
images/busuk/IMG_9340.JPG,busuk
images/busuk/IMG_9341.JPG,busuk
images/busuk/IMG_9342.JPG,busuk
images/busuk/IMG_9343.JPG,busuk
images/busuk/IMG_9344.JPG,busuk
images/busuk/IMG_9345.JPG,busuk
images/busuk/IMG_9346.JPG,busuk
images/busuk/IMG_9347.JPG,busuk
images/busuk/NZYF9651.JPG,busuk
images/busuk/VEOM5415.JPG,busuk
images/busuk/VICW5136.JPG,busuk
images/busuk/VTEO3286.JPG,busuk
images/matang/AFAE2395.JPG,matang
images/matang/AFCC4298.JPG,matang
images/matang/BZEM3722.JPG,matang
images/matang/CVTE2196.JPG,matang
images/matang/FHWK3285.JPG,matang
images/matang/FWVU3966.JPG,matang
images/matang/FYPX8413.JPG,matang
images/matang/GJRK1736.JPG,matang
images/matang/GTUR7726.JPG,matang
images/matang/IHTE3132.JPG,matang
images/matang/IMG_8344.JPG,matang
images/matang/IMG_8345.JPG,matang
images/matang/IMG_8346.JPG,matang
images/matang/IMG_8347.JPG,matang
images/matang/IMG_8393.JPG,matang
images/matang/IMG_8394.JPG,matang
images/matang/IMG_8395.JPG,matang
images/matang/IMG_8396.JPG,matang
images/matang/IMG_8397.JPG,matang
images/matang/IMG_8398.JPG,matang
images/matang/IMG_8399.JPG,matang
images/matang/IMG_8400.JPG,matang
images/matang/IMG_8438.JPG,matang
images/matang/IMG_8439.JPG,matang
images/matang/IMG_8440.JPG,matang
images/matang/IMG_8441.JPG,matang
images/matang/IMG_8442.JPG,matang
images/matang/IMG_8443.JPG,matang
images/matang/IMG_8444.JPG,matang
images/matang/IMG_8445.JPG,matang
images/matang/IMG_8470.JPG,matang
images/matang/IMG_8471.JPG,matang
images/matang/IMG_8472.JPG,matang
images/matang/IMG_8473.JPG,matang
images/matang/IMG_8480.JPG,matang
images/matang/IMG_8481.JPG,matang
images/matang/IMG_8482.JPG,matang
images/matang/IMG_8483.JPG,matang
images/matang/IMG_8484.JPG,matang
images/matang/IMG_8485.JPG,matang
images/matang/IMG_8486.JPG,matang
images/matang/IMG_8488.JPG,matang
images/matang/IMG_8493.JPG,matang
images/matang/IMG_8494.JPG,matang
images/matang/IMG_8495.JPG,matang
images/matang/IMG_8496.JPG,matang
images/matang/IMG_8507.JPG,matang
images/matang/IMG_8508.JPG,matang
images/matang/IMG_8509.JPG,matang
images/matang/IMG_8510.JPG,matang
images/matang/IMG_8547.JPG,matang
images/matang/IMG_8548.JPG,matang
images/matang/IMG_8549.JPG,matang
images/matang/IMG_8550.JPG,matang
images/matang/IMG_8551.JPG,matang
images/matang/IMG_8556.JPG,matang
images/matang/IMG_8557.JPG,matang
images/matang/IMG_8558.JPG,matang
images/matang/IMG_8559.JPG,matang
images/matang/IMG_8560.JPG,matang
images/matang/IMG_8561.JPG,matang
images/matang/IMG_8562.JPG,matang
images/matang/IMG_8563.JPG,matang
images/matang/IMG_8572.JPG,matang
images/matang/IMG_8573.JPG,matang
images/matang/IMG_8574.JPG,matang
images/matang/IMG_8575.JPG,matang
images/matang/IMG_8576.JPG,matang
images/matang/IMG_8577.JPG,matang
images/matang/IMG_8578.JPG,matang
images/matang/IMG_8579.JPG,matang
images/matang/IMG_8580.JPG,matang
images/matang/IMG_8581.JPG,matang
images/matang/IMG_8582.JPG,matang
images/matang/IMG_8583.JPG,matang
images/matang/IMG_8584.JPG,matang
images/matang/IMG_8585.JPG,matang
images/matang/IMG_8586.JPG,matang
images/matang/IMG_8587.JPG,matang
images/matang/IMG_8588.JPG,matang
images/matang/IMG_8589.JPG,matang
images/matang/IMG_8590.JPG,matang
images/matang/IMG_8591.JPG,matang
images/matang/IMG_8592.JPG,matang
images/matang/IMG_8593.JPG,matang
images/matang/IMG_8594.JPG,matang
images/matang/IMG_8595.JPG,matang
images/matang/IMG_8596.JPG,matang
images/matang/IMG_8597.JPG,matang
images/matang/IMG_8598.JPG,matang
images/matang/IMG_8599.JPG,matang
images/matang/IMG_8600.JPG,matang
images/matang/IMG_8601.JPG,matang
images/matang/IMG_8602.JPG,matang
images/matang/IMG_8603.JPG,matang
images/matang/IMG_8604.JPG,matang
images/matang/IMG_8605.JPG,matang
images/matang/IMG_8606.JPG,matang
images/matang/IMG_8607.JPG,matang
images/matang/IMG_8608.JPG,matang
images/matang/IMG_8609.JPG,matang
images/matang/IMG_8610.JPG,matang
images/matang/IMG_8611.JPG,matang
images/matang/IMG_8612.JPG,matang
images/matang/IMG_8613.JPG,matang
images/matang/IMG_8614.JPG,matang
images/matang/IMG_8615.JPG,matang
images/matang/IMG_8616.JPG,matang
images/matang/IMG_8617.JPG,matang
images/matang/IMG_8618.JPG,matang
images/matang/IMG_8631.JPG,matang
images/matang/IMG_8632.JPG,matang
images/matang/IMG_8633.JPG,matang
images/matang/IMG_8634.JPG,matang
images/matang/IMG_8635.JPG,matang
images/matang/IMG_8636.JPG,matang
images/matang/IMG_8637.JPG,matang
images/matang/IMG_8638.JPG,matang
images/matang/IMG_8839.JPG,matang
images/matang/IMG_8840.JPG,matang
images/matang/IMG_8841.JPG,matang
images/matang/IMG_8842.JPG,matang
images/matang/IMG_8843.JPG,matang
images/matang/IMG_8844.JPG,matang
images/matang/IMG_8845.JPG,matang
images/matang/IMG_8846.JPG,matang
images/matang/IMG_8847.JPG,matang
images/matang/IMG_8848.JPG,matang
images/matang/IMG_8849.JPG,matang
images/matang/IMG_8850.JPG,matang
images/matang/IMG_8851.JPG,matang
images/matang/IMG_8852.JPG,matang
images/matang/IMG_8853.JPG,matang
images/matang/IMG_8854.JPG,matang
images/matang/IMG_8855.JPG,matang
images/matang/IMG_8856.JPG,matang
images/matang/IMG_8857.JPG,matang
images/matang/IMG_8858.JPG,matang
images/matang/IMG_8859.JPG,matang
images/matang/IMG_8860.JPG,matang
images/matang/IMG_8861.JPG,matang
images/matang/IMG_8862.JPG,matang
images/matang/IMG_8863.JPG,matang
images/matang/IMG_8864.JPG,matang
images/matang/IMG_8865.JPG,matang
images/matang/IMG_8866.JPG,matang
images/matang/IMG_8867.JPG,matang
images/matang/IMG_8868.JPG,matang
images/matang/IMG_8869.JPG,matang
images/matang/IMG_8870.JPG,matang
images/matang/IMG_8871.JPG,matang
images/matang/IMG_8872.JPG,matang
images/matang/IMG_8873.JPG,matang
images/matang/IMG_8874.JPG,matang
images/matang/IMG_8875.JPG,matang
images/matang/IMG_8876.JPG,matang
images/matang/IMG_8887.JPG,matang
images/matang/IMG_8888.JPG,matang
images/matang/IMG_8889.JPG,matang
images/matang/IMG_8890.JPG,matang
images/matang/IMG_8891.JPG,matang
images/matang/IMG_8892.JPG,matang
images/matang/IMG_8893.JPG,matang
images/matang/IMG_8926.JPG,matang
images/matang/IMG_8927.JPG,matang
images/matang/IMG_8928.JPG,matang
images/matang/IMG_8929.JPG,matang
images/matang/IMG_8930.JPG,matang
images/matang/IMG_8931.JPG,matang
images/matang/IMG_8932.JPG,matang
images/matang/IMG_8933.JPG,matang
images/matang/IMG_8934.JPG,matang
images/matang/IMG_8935.JPG,matang
images/matang/IMG_8936.JPG,matang
images/matang/IMG_8937.JPG,matang
images/matang/IMG_8948.JPG,matang
images/matang/IMG_8949.JPG,matang
images/matang/IMG_8950.JPG,matang
images/matang/IMG_8951.JPG,matang
images/matang/IMG_8954.JPG,matang
images/matang/IMG_8955.JPG,matang
images/matang/IMG_8956.JPG,matang
images/matang/IMG_8957.JPG,matang
images/matang/IMG_8958.JPG,matang
images/matang/IMG_8959.JPG,matang
images/matang/IMG_8960.JPG,matang
images/matang/IMG_8961.JPG,matang
images/matang/IMG_8962.JPG,matang
images/matang/IMG_8963.JPG,matang
images/matang/IMG_8964.JPG,matang
images/matang/IMG_8965.JPG,matang
images/matang/IMG_8966.JPG,matang
images/matang/IMG_8967.JPG,matang
images/matang/IMG_8968.JPG,matang
images/matang/IMG_8969.JPG,matang
images/matang/IMG_8974.JPG,matang
images/matang/IMG_8975.JPG,matang
images/matang/IMG_8979.JPG,matang
images/matang/IMG_8980.JPG,matang
images/matang/IMG_8981.JPG,matang
images/matang/IMG_8988.JPG,matang
images/matang/IMG_8989.JPG,matang
images/matang/IMG_8990.JPG,matang
images/matang/IMG_8992.JPG,matang
images/matang/IMG_8993.JPG,matang
images/matang/IMG_8994.JPG,matang
images/matang/IMG_8995.JPG,matang
images/matang/IMG_8997.JPG,matang
images/matang/IMG_8998.JPG,matang
images/matang/IMG_8999.JPG,matang
images/matang/IMG_9001.JPG,matang
images/matang/IMG_9002.JPG,matang
images/matang/IMG_9003.JPG,matang
images/matang/IMG_9004.JPG,matang
images/matang/IMG_9005.JPG,matang
images/matang/IMG_9006.JPG,matang
images/matang/IMG_9007.JPG,matang
images/matang/IMG_9008.JPG,matang
images/matang/IMG_9009.JPG,matang
images/matang/IMG_9010.JPG,matang
images/matang/IMG_9014.JPG,matang
images/matang/IMG_9015.JPG,matang
images/matang/IMG_9016.JPG,matang
images/matang/IMG_9035.JPG,matang
images/matang/IMG_9036.JPG,matang
images/matang/IMG_9037.JPG,matang
images/matang/IMG_9038.JPG,matang
images/matang/IMG_9039.JPG,matang
images/matang/IMG_9040.JPG,matang
images/matang/IMG_9104.JPG,matang
images/matang/IMG_9105.JPG,matang
images/matang/IMG_9106.JPG,matang
images/matang/IMG_9107.JPG,matang
images/matang/IMG_9108.JPG,matang
images/matang/IMG_9109.JPG,matang
images/matang/IMG_9163.JPG,matang
images/matang/IMG_9164.JPG,matang
images/matang/IMG_9165.JPG,matang
images/matang/IMG_9228.JPG,matang
images/matang/IMG_9229.JPG,matang
images/matang/IMG_9230.JPG,matang
images/matang/IMG_9231.JPG,matang
images/matang/IMG_9232.JPG,matang
images/matang/IMG_9238.JPG,matang
images/matang/IMG_9239.JPG,matang
images/matang/IMG_9240.JPG,matang
images/matang/IMG_9241.JPG,matang
images/matang/IMG_9242.JPG,matang
images/matang/IMG_9243.JPG,matang
images/matang/IMG_9248.JPG,matang
images/matang/IMG_9249.JPG,matang
images/matang/IMG_9253.JPG,matang
images/matang/IMG_9260.JPG,matang
images/matang/IMG_9261.JPG,matang
images/matang/IMG_9262.JPG,matang
images/matang/IMG_9263.JPG,matang
images/matang/IMG_9266.JPG,matang
images/matang/IMG_9267.JPG,matang
images/matang/IMG_9268.JPG,matang
images/matang/IMG_9269.JPG,matang
images/matang/IMG_9270.JPG,matang
images/matang/IMG_9271.JPG,matang
images/matang/IMG_9272.JPG,matang
images/matang/IMG_9273.JPG,matang
images/matang/IMG_9274.JPG,matang
images/matang/IMG_9275.JPG,matang
images/matang/IMG_9276.JPG,matang
images/matang/IMG_9277.JPG,matang
images/matang/IMG_9280.JPG,matang
images/matang/IMG_9281.JPG,matang
images/matang/IMG_9282.JPG,matang
images/matang/IMG_9283.JPG,matang
images/matang/IMG_9284.JPG,matang
images/matang/IMG_9285.JPG,matang
images/matang/IMG_9286.JPG,matang
images/matang/IMG_9287.JPG,matang
images/matang/IMG_9289.JPG,matang
images/matang/IMG_9311.JPG,matang
images/matang/IMG_9312.JPG,matang
images/matang/IMG_9324.JPG,matang
images/matang/IMG_9325.JPG,matang
images/matang/IMG_9326.JPG,matang
images/matang/IMG_9359.JPG,matang
images/matang/IMG_9360.JPG,matang
images/matang/IMG_9361.JPG,matang
images/matang/IMG_E9359.JPG,matang
images/matang/IMG_E9360.JPG,matang
images/matang/IMG_E9361.JPG,matang
images/matang/JPQH6694.JPG,matang
images/matang/KPAF5193.JPG,matang
images/matang/LYWW8611.JPG,matang
images/matang/MEVL1128.JPG,matang
images/matang/MOMJ4120.JPG,matang
images/matang/NOMB0140.JPG,matang
images/matang/NVFH6546.JPG,matang
images/matang/OCWT4468.JPG,matang
images/matang/ORKA7656.JPG,matang
images/matang/PBKE7307.JPG,matang
images/matang/RDNG3545.JPG,matang
images/matang/SJKW6772.JPG,matang
images/matang/TCZH6888.JPG,matang
images/matang/TESP3890.JPG,matang
images/matang/TLNU0721.JPG,matang
images/matang/UDEE4453.JPG,matang
images/matang/UGKF1659.JPG,matang
images/matang/VQAT6031.JPG,matang
images/matang/VZOG4141.JPG,matang
images/matang/WJVC5968.JPG,matang
images/matang/WUXX0937.JPG,matang
images/matang/XXNO7081.JPG,matang
images/mentah/IMG_8001.JPG,mentah
images/mentah/IMG_8002.JPG,mentah
images/mentah/IMG_8003.JPG,mentah
images/mentah/IMG_8004.JPG,mentah
images/mentah/IMG_8005.JPG,mentah
images/mentah/IMG_8006.JPG,mentah
images/mentah/IMG_8007.JPG,mentah
images/mentah/IMG_8008.JPG,mentah
images/mentah/IMG_8009.JPG,mentah
images/mentah/IMG_8010.JPG,mentah
images/mentah/IMG_8011.JPG,mentah
images/mentah/IMG_8012.JPG,mentah
images/mentah/IMG_8013.JPG,mentah
images/mentah/IMG_8014.JPG,mentah
images/mentah/IMG_8015.JPG,mentah
images/mentah/IMG_8016.JPG,mentah
images/mentah/IMG_8017.JPG,mentah
images/mentah/IMG_8018.JPG,mentah
images/mentah/IMG_8019.JPG,mentah
images/mentah/IMG_8020.JPG,mentah
images/mentah/IMG_8021.JPG,mentah
images/mentah/IMG_8022.JPG,mentah
images/mentah/IMG_8023.JPG,mentah
images/mentah/IMG_8024.JPG,mentah
images/mentah/IMG_8025.JPG,mentah
images/mentah/IMG_8026.JPG,mentah
images/mentah/IMG_8027.JPG,mentah
images/mentah/IMG_8028.JPG,mentah
images/mentah/IMG_8029.JPG,mentah
images/mentah/IMG_8030.JPG,mentah
images/mentah/IMG_8031.JPG,mentah
images/mentah/IMG_8032.JPG,mentah
images/mentah/IMG_8033.JPG,mentah
images/mentah/IMG_8035.JPG,mentah
images/mentah/IMG_8036.JPG,mentah
images/mentah/IMG_8037.JPG,mentah
images/mentah/IMG_8038.JPG,mentah
images/mentah/IMG_8039.JPG,mentah
images/mentah/IMG_8040.JPG,mentah
images/mentah/IMG_8041.JPG,mentah
images/mentah/IMG_8042.JPG,mentah
images/mentah/IMG_8043.JPG,mentah
images/mentah/IMG_8044.JPG,mentah
images/mentah/IMG_8045.JPG,mentah
images/mentah/IMG_8046.JPG,mentah
images/mentah/IMG_8047.JPG,mentah
images/mentah/IMG_8048.JPG,mentah
images/mentah/IMG_8049.JPG,mentah
images/mentah/IMG_8050.JPG,mentah
images/mentah/IMG_8051.JPG,mentah
images/mentah/IMG_8052.JPG,mentah
images/mentah/IMG_8053.JPG,mentah
images/mentah/IMG_8054.JPG,mentah
images/mentah/IMG_8055.JPG,mentah
images/mentah/IMG_8056.JPG,mentah
images/mentah/IMG_8057.JPG,mentah
images/mentah/IMG_8058.JPG,mentah
images/mentah/IMG_8059.JPG,mentah
images/mentah/IMG_8060.JPG,mentah
images/mentah/IMG_8061.JPG,mentah
images/mentah/IMG_8062.JPG,mentah
images/mentah/IMG_8063.JPG,mentah
images/mentah/IMG_8064.JPG,mentah
images/mentah/IMG_8065.JPG,mentah
images/mentah/IMG_8066.JPG,mentah
images/mentah/IMG_8068.JPG,mentah
images/mentah/IMG_8069.JPG,mentah
images/mentah/IMG_8070.JPG,mentah
images/mentah/IMG_8071.JPG,mentah
images/mentah/IMG_8072.JPG,mentah
images/mentah/IMG_8073.JPG,mentah
images/mentah/IMG_8074.JPG,mentah
images/mentah/IMG_8075.JPG,mentah
images/mentah/IMG_8076.JPG,mentah
images/mentah/IMG_8077.JPG,mentah
images/mentah/IMG_8078.JPG,mentah
images/mentah/IMG_8079.JPG,mentah
images/mentah/IMG_8080.JPG,mentah
images/mentah/IMG_8081.JPG,mentah
images/mentah/IMG_8082.JPG,mentah
images/mentah/IMG_8083.JPG,mentah
images/mentah/IMG_8084.JPG,mentah
images/mentah/IMG_8085.JPG,mentah
images/mentah/IMG_8086.JPG,mentah
images/mentah/IMG_8087.JPG,mentah
images/mentah/IMG_8088.JPG,mentah
images/mentah/IMG_8089.JPG,mentah
images/mentah/IMG_8090.JPG,mentah
images/mentah/IMG_8091.JPG,mentah
images/mentah/IMG_8092.JPG,mentah
images/mentah/IMG_8093.JPG,mentah
images/mentah/IMG_8094.JPG,mentah
images/mentah/IMG_8095.JPG,mentah
images/mentah/IMG_8096.JPG,mentah
images/mentah/IMG_8097.JPG,mentah
images/mentah/IMG_8098.JPG,mentah
images/mentah/IMG_8099.JPG,mentah
images/mentah/IMG_8100.JPG,mentah
images/mentah/IMG_8101.JPG,mentah
images/mentah/IMG_8102.JPG,mentah
images/mentah/IMG_8103.JPG,mentah
images/mentah/IMG_8104.JPG,mentah
images/mentah/IMG_8105.JPG,mentah
images/mentah/IMG_8106.JPG,mentah
images/mentah/IMG_8107.JPG,mentah
images/mentah/IMG_8108.JPG,mentah
images/mentah/IMG_8109.JPG,mentah
images/mentah/IMG_8110.JPG,mentah
images/mentah/IMG_8111.JPG,mentah
images/mentah/IMG_8112.JPG,mentah
images/mentah/IMG_8113.JPG,mentah
images/mentah/IMG_8114.JPG,mentah
images/mentah/IMG_8115.JPG,mentah
images/mentah/IMG_8116.JPG,mentah
images/mentah/IMG_8117.JPG,mentah
images/mentah/IMG_8118.JPG,mentah
images/mentah/IMG_8119.JPG,mentah
images/mentah/IMG_8120.JPG,mentah
images/mentah/IMG_8121.JPG,mentah
images/mentah/IMG_8122.JPG,mentah
images/mentah/IMG_8123.JPG,mentah
images/mentah/IMG_8124.JPG,mentah
images/mentah/IMG_8125.JPG,mentah
images/mentah/IMG_8126.JPG,mentah
images/mentah/IMG_8127.JPG,mentah
images/mentah/IMG_8128.JPG,mentah
images/mentah/IMG_8129.JPG,mentah
images/mentah/IMG_8130.JPG,mentah
images/mentah/IMG_8131.JPG,mentah
images/mentah/IMG_8132.JPG,mentah
images/mentah/IMG_8133.JPG,mentah
images/mentah/IMG_8134.JPG,mentah
images/mentah/IMG_8135.JPG,mentah
images/mentah/IMG_8136.JPG,mentah
images/mentah/IMG_8137.JPG,mentah
images/mentah/IMG_8138.JPG,mentah
images/mentah/IMG_8139.JPG,mentah
images/mentah/IMG_8140.JPG,mentah
images/mentah/IMG_8142.JPG,mentah
images/mentah/IMG_8143.JPG,mentah
images/mentah/IMG_8144.JPG,mentah
images/mentah/IMG_8145.JPG,mentah
images/mentah/IMG_8146.JPG,mentah
images/mentah/IMG_8147.JPG,mentah
images/mentah/IMG_8149.JPG,mentah
images/mentah/IMG_8150.JPG,mentah
images/mentah/IMG_8151.JPG,mentah
images/mentah/IMG_8152.JPG,mentah
images/mentah/IMG_8153.JPG,mentah
images/mentah/IMG_8154.JPG,mentah
images/mentah/IMG_8155.JPG,mentah
images/mentah/IMG_8156.JPG,mentah
images/mentah/IMG_8157.JPG,mentah
images/mentah/IMG_8158.JPG,mentah
images/mentah/IMG_8159.JPG,mentah
images/mentah/IMG_8160.JPG,mentah
images/mentah/IMG_8161.JPG,mentah
images/mentah/IMG_8162.JPG,mentah
images/mentah/IMG_8163.JPG,mentah
images/mentah/IMG_8164.JPG,mentah
images/mentah/IMG_8165.JPG,mentah
images/mentah/IMG_8166.JPG,mentah
images/mentah/IMG_8167.JPG,mentah
images/mentah/IMG_8168.JPG,mentah
images/mentah/IMG_8169.JPG,mentah
images/mentah/IMG_8170.JPG,mentah
images/mentah/IMG_8171.JPG,mentah
images/mentah/IMG_8172.JPG,mentah
images/mentah/IMG_8173.JPG,mentah
images/mentah/IMG_8174.JPG,mentah
images/mentah/IMG_8175.JPG,mentah
images/mentah/IMG_8176.JPG,mentah
images/mentah/IMG_8177.JPG,mentah
images/mentah/IMG_8178.JPG,mentah
images/mentah/IMG_8179.JPG,mentah
images/mentah/IMG_8180.JPG,mentah
images/mentah/IMG_8181.JPG,mentah
images/mentah/IMG_8182.JPG,mentah
images/mentah/IMG_8183.JPG,mentah
images/mentah/IMG_8184.JPG,mentah
images/mentah/IMG_8185.JPG,mentah
images/mentah/IMG_8186.JPG,mentah
images/mentah/IMG_8187.JPG,mentah
images/mentah/IMG_8188.JPG,mentah
images/mentah/IMG_8189.JPG,mentah
images/mentah/IMG_8190.JPG,mentah
images/mentah/IMG_8191.JPG,mentah
images/mentah/IMG_8192.JPG,mentah
images/mentah/IMG_8193.JPG,mentah
images/mentah/IMG_8194.JPG,mentah
images/mentah/IMG_8195.JPG,mentah
images/mentah/IMG_8196.JPG,mentah
images/mentah/IMG_8197.JPG,mentah
images/mentah/IMG_8198.JPG,mentah
images/mentah/IMG_8199.JPG,mentah
images/mentah/IMG_8200.JPG,mentah
images/mentah/IMG_8201.JPG,mentah
images/mentah/IMG_8202.JPG,mentah
images/mentah/IMG_8203.JPG,mentah
images/mentah/IMG_8204.JPG,mentah
images/mentah/IMG_8205.JPG,mentah
images/mentah/IMG_8206.JPG,mentah
images/mentah/IMG_8207.JPG,mentah
images/mentah/IMG_8208.JPG,mentah
images/mentah/IMG_8209.JPG,mentah
images/mentah/IMG_8210.JPG,mentah
images/mentah/IMG_8211.JPG,mentah
images/mentah/IMG_8212.JPG,mentah
images/mentah/IMG_8213.JPG,mentah
images/mentah/IMG_8214.JPG,mentah
images/mentah/IMG_8215.JPG,mentah
images/mentah/IMG_8216.JPG,mentah
images/mentah/IMG_8217.JPG,mentah
images/mentah/IMG_8218.JPG,mentah
images/mentah/IMG_8219.JPG,mentah
images/mentah/IMG_8220.JPG,mentah
images/mentah/IMG_8221.JPG,mentah
images/mentah/IMG_8222.JPG,mentah
images/mentah/IMG_8223.JPG,mentah
images/mentah/IMG_8224.JPG,mentah
images/mentah/IMG_8225.JPG,mentah
images/mentah/IMG_8228.JPG,mentah
images/mentah/IMG_8229.JPG,mentah
images/mentah/IMG_8230.JPG,mentah
images/mentah/IMG_8231.JPG,mentah
images/setengah_matang/IMG_8232.JPG,setengah_matang
images/setengah_matang/IMG_8233.JPG,setengah_matang
images/setengah_matang/IMG_8234.JPG,setengah_matang
images/setengah_matang/IMG_8235.JPG,setengah_matang
images/setengah_matang/IMG_8244.JPG,setengah_matang
images/setengah_matang/IMG_8245.JPG,setengah_matang
images/setengah_matang/IMG_8246.JPG,setengah_matang
images/setengah_matang/IMG_8247.JPG,setengah_matang
images/setengah_matang/IMG_8248.JPG,setengah_matang
images/setengah_matang/IMG_8249.JPG,setengah_matang
images/setengah_matang/IMG_8250.JPG,setengah_matang
images/setengah_matang/IMG_8251.JPG,setengah_matang
images/setengah_matang/IMG_8252.JPG,setengah_matang
images/setengah_matang/IMG_8253.JPG,setengah_matang
images/setengah_matang/IMG_8254.JPG,setengah_matang
images/setengah_matang/IMG_8255.JPG,setengah_matang
images/setengah_matang/IMG_8268.JPG,setengah_matang
images/setengah_matang/IMG_8269.JPG,setengah_matang
images/setengah_matang/IMG_8270.JPG,setengah_matang
images/setengah_matang/IMG_8271.JPG,setengah_matang
images/setengah_matang/IMG_8272.JPG,setengah_matang
images/setengah_matang/IMG_8273.JPG,setengah_matang
images/setengah_matang/IMG_8274.JPG,setengah_matang
images/setengah_matang/IMG_8275.JPG,setengah_matang
images/setengah_matang/IMG_8276.JPG,setengah_matang
images/setengah_matang/IMG_8277.JPG,setengah_matang
images/setengah_matang/IMG_8278.JPG,setengah_matang
images/setengah_matang/IMG_8279.JPG,setengah_matang
images/setengah_matang/IMG_8280.JPG,setengah_matang
images/setengah_matang/IMG_8281.JPG,setengah_matang
images/setengah_matang/IMG_8282.JPG,setengah_matang
images/setengah_matang/IMG_8283.JPG,setengah_matang
images/setengah_matang/IMG_8284.JPG,setengah_matang
images/setengah_matang/IMG_8285.JPG,setengah_matang
images/setengah_matang/IMG_8286.JPG,setengah_matang
images/setengah_matang/IMG_8287.JPG,setengah_matang
images/setengah_matang/IMG_8288.JPG,setengah_matang
images/setengah_matang/IMG_8289.JPG,setengah_matang
images/setengah_matang/IMG_8290.JPG,setengah_matang
images/setengah_matang/IMG_8291.JPG,setengah_matang
images/setengah_matang/IMG_8292.JPG,setengah_matang
images/setengah_matang/IMG_8293.JPG,setengah_matang
images/setengah_matang/IMG_8294.JPG,setengah_matang
images/setengah_matang/IMG_8295.JPG,setengah_matang
images/setengah_matang/IMG_8296.JPG,setengah_matang
images/setengah_matang/IMG_8297.JPG,setengah_matang
images/setengah_matang/IMG_8298.JPG,setengah_matang
images/setengah_matang/IMG_8299.JPG,setengah_matang
images/setengah_matang/IMG_8308.JPG,setengah_matang
images/setengah_matang/IMG_8309.JPG,setengah_matang
images/setengah_matang/IMG_8310.JPG,setengah_matang
images/setengah_matang/IMG_8311.JPG,setengah_matang
images/setengah_matang/IMG_8316.JPG,setengah_matang
images/setengah_matang/IMG_8317.JPG,setengah_matang
images/setengah_matang/IMG_8318.JPG,setengah_matang
images/setengah_matang/IMG_8319.JPG,setengah_matang
images/setengah_matang/IMG_8353.JPG,setengah_matang
images/setengah_matang/IMG_8354.JPG,setengah_matang
images/setengah_matang/IMG_8355.JPG,setengah_matang
images/setengah_matang/IMG_8356.JPG,setengah_matang
images/setengah_matang/IMG_8357.JPG,setengah_matang
images/setengah_matang/IMG_8358.JPG,setengah_matang
images/setengah_matang/IMG_8359.JPG,setengah_matang
images/setengah_matang/IMG_8360.JPG,setengah_matang
images/setengah_matang/IMG_8369.JPG,setengah_matang
images/setengah_matang/IMG_8370.JPG,setengah_matang
images/setengah_matang/IMG_8371.JPG,setengah_matang
images/setengah_matang/IMG_8372.JPG,setengah_matang
images/setengah_matang/IMG_8373.JPG,setengah_matang
images/setengah_matang/IMG_8374.JPG,setengah_matang
images/setengah_matang/IMG_8375.JPG,setengah_matang
images/setengah_matang/IMG_8376.JPG,setengah_matang
images/setengah_matang/IMG_8377.JPG,setengah_matang
images/setengah_matang/IMG_8378.JPG,setengah_matang
images/setengah_matang/IMG_8379.JPG,setengah_matang
images/setengah_matang/IMG_8380.JPG,setengah_matang
images/setengah_matang/IMG_8381.JPG,setengah_matang
images/setengah_matang/IMG_8382.JPG,setengah_matang
images/setengah_matang/IMG_8383.JPG,setengah_matang
images/setengah_matang/IMG_8384.JPG,setengah_matang
images/setengah_matang/IMG_8385.JPG,setengah_matang
images/setengah_matang/IMG_8386.JPG,setengah_matang
images/setengah_matang/IMG_8387.JPG,setengah_matang
images/setengah_matang/IMG_8388.JPG,setengah_matang
images/setengah_matang/IMG_8389.JPG,setengah_matang
images/setengah_matang/IMG_8390.JPG,setengah_matang
images/setengah_matang/IMG_8391.JPG,setengah_matang
images/setengah_matang/IMG_8392.JPG,setengah_matang
images/setengah_matang/IMG_8401.JPG,setengah_matang
images/setengah_matang/IMG_8402.JPG,setengah_matang
images/setengah_matang/IMG_8403.JPG,setengah_matang
images/setengah_matang/IMG_8404.JPG,setengah_matang
images/setengah_matang/IMG_8405.JPG,setengah_matang
images/setengah_matang/IMG_8406.JPG,setengah_matang
images/setengah_matang/IMG_8407.JPG,setengah_matang
images/setengah_matang/IMG_8408.JPG,setengah_matang
images/setengah_matang/IMG_8409.JPG,setengah_matang
images/setengah_matang/IMG_8410.JPG,setengah_matang
images/setengah_matang/IMG_8411.JPG,setengah_matang
images/setengah_matang/IMG_8412.JPG,setengah_matang
images/setengah_matang/IMG_8413.JPG,setengah_matang
images/setengah_matang/IMG_8414.JPG,setengah_matang
images/setengah_matang/IMG_8415.JPG,setengah_matang
images/setengah_matang/IMG_8416.JPG,setengah_matang
images/setengah_matang/IMG_8417.JPG,setengah_matang
images/setengah_matang/IMG_8418.JPG,setengah_matang
images/setengah_matang/IMG_8419.JPG,setengah_matang
images/setengah_matang/IMG_8420.JPG,setengah_matang
images/setengah_matang/IMG_8421.JPG,setengah_matang
images/setengah_matang/IMG_8422.JPG,setengah_matang
images/setengah_matang/IMG_8423.JPG,setengah_matang
images/setengah_matang/IMG_8424.JPG,setengah_matang
images/setengah_matang/IMG_8425.JPG,setengah_matang
images/setengah_matang/IMG_8426.JPG,setengah_matang
images/setengah_matang/IMG_8427.JPG,setengah_matang
images/setengah_matang/IMG_8428.JPG,setengah_matang
images/setengah_matang/IMG_8429.JPG,setengah_matang
images/setengah_matang/IMG_8430.JPG,setengah_matang
images/setengah_matang/IMG_8431.JPG,setengah_matang
images/setengah_matang/IMG_8432.JPG,setengah_matang
images/setengah_matang/IMG_8433.JPG,setengah_matang
images/setengah_matang/IMG_8434.JPG,setengah_matang
images/setengah_matang/IMG_8435.JPG,setengah_matang
images/setengah_matang/IMG_8436.JPG,setengah_matang
images/setengah_matang/IMG_8437.JPG,setengah_matang
images/setengah_matang/IMG_8877.JPG,setengah_matang
images/setengah_matang/IMG_8878.JPG,setengah_matang
images/setengah_matang/IMG_8879.JPG,setengah_matang
images/setengah_matang/IMG_8880.JPG,setengah_matang
images/setengah_matang/IMG_8881.JPG,setengah_matang
images/setengah_matang/IMG_8882.JPG,setengah_matang
images/setengah_matang/IMG_8883.JPG,setengah_matang
images/setengah_matang/IMG_8884.JPG,setengah_matang
images/setengah_matang/IMG_8885.JPG,setengah_matang
images/setengah_matang/IMG_8886.JPG,setengah_matang
images/setengah_matang/IMG_8944.JPG,setengah_matang
images/setengah_matang/IMG_8945.JPG,setengah_matang
images/setengah_matang/IMG_8946.JPG,setengah_matang
images/setengah_matang/IMG_8947.JPG,setengah_matang
images/setengah_matang/IMG_8976.JPG,setengah_matang
images/setengah_matang/IMG_8977.JPG,setengah_matang
images/setengah_matang/IMG_8978.JPG,setengah_matang
images/setengah_matang/IMG_8989.JPG,setengah_matang
images/setengah_matang/IMG_8990.JPG,setengah_matang
images/setengah_matang/IMG_8991.JPG,setengah_matang
images/setengah_matang/IMG_9023.JPG,setengah_matang
images/setengah_matang/IMG_9024.JPG,setengah_matang
images/setengah_matang/IMG_9025.JPG,setengah_matang
images/setengah_matang/IMG_9026.JPG,setengah_matang
images/setengah_matang/IMG_9027.JPG,setengah_matang
images/setengah_matang/IMG_9028.JPG,setengah_matang
images/setengah_matang/IMG_9029.JPG,setengah_matang
images/setengah_matang/IMG_9030.JPG,setengah_matang
images/setengah_matang/IMG_9031.JPG,setengah_matang
images/setengah_matang/IMG_9032.JPG,setengah_matang
images/setengah_matang/IMG_9033.JPG,setengah_matang
images/setengah_matang/IMG_9034.JPG,setengah_matang
images/setengah_matang/IMG_9041.JPG,setengah_matang
images/setengah_matang/IMG_9042.JPG,setengah_matang
images/setengah_matang/IMG_9043.JPG,setengah_matang
images/setengah_matang/IMG_9044.JPG,setengah_matang
images/setengah_matang/IMG_9045.JPG,setengah_matang
images/setengah_matang/IMG_9046.JPG,setengah_matang
images/setengah_matang/IMG_9051.JPG,setengah_matang
images/setengah_matang/IMG_9052.JPG,setengah_matang
images/setengah_matang/IMG_9053.JPG,setengah_matang
images/setengah_matang/IMG_9054.JPG,setengah_matang
images/setengah_matang/IMG_9055.JPG,setengah_matang
images/setengah_matang/IMG_9056.JPG,setengah_matang
images/setengah_matang/IMG_9057.JPG,setengah_matang
images/setengah_matang/IMG_9058.JPG,setengah_matang
images/setengah_matang/IMG_9059.JPG,setengah_matang
images/setengah_matang/IMG_9060.JPG,setengah_matang
images/setengah_matang/IMG_9061.JPG,setengah_matang
images/setengah_matang/IMG_9062.JPG,setengah_matang
images/setengah_matang/IMG_9063.JPG,setengah_matang
images/setengah_matang/IMG_9064.JPG,setengah_matang
images/setengah_matang/IMG_9065.JPG,setengah_matang
images/setengah_matang/IMG_9066.JPG,setengah_matang
images/setengah_matang/IMG_9067.JPG,setengah_matang
images/setengah_matang/IMG_9068.JPG,setengah_matang
images/setengah_matang/IMG_9069.JPG,setengah_matang
images/setengah_matang/IMG_9070.JPG,setengah_matang
images/setengah_matang/IMG_9071.JPG,setengah_matang
images/setengah_matang/IMG_9072.JPG,setengah_matang
images/setengah_matang/IMG_9073.JPG,setengah_matang
images/setengah_matang/IMG_9074.JPG,setengah_matang
images/setengah_matang/IMG_9075.JPG,setengah_matang
images/setengah_matang/IMG_9076.JPG,setengah_matang
images/setengah_matang/IMG_9077.JPG,setengah_matang
images/setengah_matang/IMG_9078.JPG,setengah_matang
images/setengah_matang/IMG_9079.JPG,setengah_matang
images/setengah_matang/IMG_9080.JPG,setengah_matang
images/setengah_matang/IMG_9081.JPG,setengah_matang
images/setengah_matang/IMG_9082.JPG,setengah_matang
images/setengah_matang/IMG_9083.JPG,setengah_matang
images/setengah_matang/IMG_9084.JPG,setengah_matang
images/setengah_matang/IMG_9085.JPG,setengah_matang
images/setengah_matang/IMG_9086.JPG,setengah_matang
images/setengah_matang/IMG_9087.JPG,setengah_matang
images/setengah_matang/IMG_9088.JPG,setengah_matang
images/setengah_matang/IMG_9089.JPG,setengah_matang
images/setengah_matang/IMG_9090.JPG,setengah_matang
images/setengah_matang/IMG_9091.JPG,setengah_matang
images/setengah_matang/IMG_9092.JPG,setengah_matang
images/setengah_matang/IMG_9093.JPG,setengah_matang
images/setengah_matang/IMG_9096.JPG,setengah_matang
images/setengah_matang/IMG_9097.JPG,setengah_matang
images/setengah_matang/IMG_9098.JPG,setengah_matang
images/setengah_matang/IMG_9110.JPG,setengah_matang
images/setengah_matang/IMG_9111.JPG,setengah_matang
images/setengah_matang/IMG_9112.JPG,setengah_matang
images/setengah_matang/IMG_9113.JPG,setengah_matang
images/setengah_matang/IMG_9114.JPG,setengah_matang
images/setengah_matang/IMG_9115.JPG,setengah_matang
images/setengah_matang/IMG_9116.JPG,setengah_matang
images/setengah_matang/IMG_9117.JPG,setengah_matang
images/setengah_matang/IMG_9118.JPG,setengah_matang
images/setengah_matang/IMG_9119.JPG,setengah_matang
images/setengah_matang/IMG_9120.JPG,setengah_matang
images/setengah_matang/IMG_9121.JPG,setengah_matang
images/setengah_matang/IMG_9123.JPG,setengah_matang
images/setengah_matang/IMG_9124.JPG,setengah_matang
images/setengah_matang/IMG_9125.JPG,setengah_matang
images/setengah_matang/IMG_9126.JPG,setengah_matang
images/setengah_matang/IMG_9127.JPG,setengah_matang
images/setengah_matang/IMG_9128.JPG,setengah_matang
images/setengah_matang/IMG_9129.JPG,setengah_matang
images/setengah_matang/IMG_9133.JPG,setengah_matang
images/setengah_matang/IMG_9134.JPG,setengah_matang
images/setengah_matang/IMG_9135.JPG,setengah_matang
images/setengah_matang/IMG_9136.JPG,setengah_matang
images/setengah_matang/IMG_9137.JPG,setengah_matang
images/setengah_matang/IMG_9138.JPG,setengah_matang
images/setengah_matang/IMG_9139.JPG,setengah_matang
images/setengah_matang/IMG_9140.JPG,setengah_matang
images/setengah_matang/IMG_9141.JPG,setengah_matang
images/setengah_matang/IMG_9143.JPG,setengah_matang
images/setengah_matang/IMG_9144.JPG,setengah_matang
images/setengah_matang/IMG_9145.JPG,setengah_matang
images/setengah_matang/IMG_9146.JPG,setengah_matang
images/setengah_matang/IMG_9154.JPG,setengah_matang
images/setengah_matang/IMG_9155.JPG,setengah_matang
images/setengah_matang/IMG_9156.JPG,setengah_matang
images/setengah_matang/IMG_9157.JPG,setengah_matang
images/setengah_matang/IMG_9158.JPG,setengah_matang
images/setengah_matang/IMG_9159.JPG,setengah_matang
images/setengah_matang/IMG_9160.JPG,setengah_matang
images/setengah_matang/IMG_9161.JPG,setengah_matang
images/setengah_matang/IMG_9162.JPG,setengah_matang
images/setengah_matang/IMG_9166.JPG,setengah_matang
images/setengah_matang/IMG_9167.JPG,setengah_matang
images/setengah_matang/IMG_9168.JPG,setengah_matang
images/setengah_matang/IMG_9169.JPG,setengah_matang
images/setengah_matang/IMG_9170.JPG,setengah_matang
images/setengah_matang/IMG_9171.JPG,setengah_matang
images/setengah_matang/IMG_9172.JPG,setengah_matang
images/setengah_matang/IMG_9173.JPG,setengah_matang
images/setengah_matang/IMG_9174.JPG,setengah_matang
images/setengah_matang/IMG_9175.JPG,setengah_matang
images/setengah_matang/IMG_9176.JPG,setengah_matang
images/setengah_matang/IMG_9177.JPG,setengah_matang
images/setengah_matang/IMG_9178.JPG,setengah_matang
images/setengah_matang/IMG_9179.JPG,setengah_matang
images/setengah_matang/IMG_9180.JPG,setengah_matang
images/setengah_matang/IMG_9181.JPG,setengah_matang
images/setengah_matang/IMG_9214.JPG,setengah_matang
images/setengah_matang/IMG_9215.JPG,setengah_matang
images/setengah_matang/IMG_9216.JPG,setengah_matang
images/setengah_matang/IMG_9217.JPG,setengah_matang
images/setengah_matang/IMG_9218.JPG,setengah_matang
images/setengah_matang/IMG_9219.JPG,setengah_matang
images/setengah_matang/IMG_9290.JPG,setengah_matang
images/setengah_matang/IMG_9291.JPG,setengah_matang
images/setengah_matang/IMG_9292.JPG,setengah_matang
images/setengah_matang/IMG_9293.JPG,setengah_matang
images/setengah_matang/IMG_9294.JPG,setengah_matang
images/setengah_matang/IMG_9295.JPG,setengah_matang
images/setengah_matang/IMG_9316.JPG,setengah_matang
images/setengah_matang/IMG_9317.JPG,setengah_matang
images/setengah_matang/IMG_9318.JPG,setengah_matang
images/setengah_matang/IMG_9319.JPG,setengah_matang
images/setengah_matang/IMG_9320.JPG,setengah_matang
images/setengah_matang/IMG_9321.JPG,setengah_matang
images/setengah_matang/IMG_9323.JPG,setengah_matang
images/setengah_matang/IMG_9348.JPG,setengah_matang
images/setengah_matang/IMG_9349.JPG,setengah_matang
images/setengah_matang/IMG_9350.JPG,setengah_matang
images/setengah_matang/IMG_9351.JPG,setengah_matang
images/setengah_matang/IMG_9352.JPG,setengah_matang
images/setengah_matang/IMG_9353.JPG,setengah_matang
images/setengah_matang/IMG_9354.JPG,setengah_matang
images/setengah_matang/IMG_9355.JPG,setengah_matang
images/setengah_matang/IMG_9356.JPG,setengah_matang
images/setengah_matang/IMG_9357.JPG,setengah_matang
images/setengah_matang/IMG_E9348.JPG,setengah_matang
images/setengah_matang/IMG_E9349.JPG,setengah_matang
images/setengah_matang/IMG_E9350.JPG,setengah_matang
images/setengah_matang/IMG_E9351.JPG,setengah_matang
images/setengah_matang/IMG_E9352.JPG,setengah_matang
images/setengah_matang/IMG_E9353.JPG,setengah_matang
images/setengah_matang/IMG_E9354.JPG,setengah_matang
images/setengah_matang/IMG_E9355.JPG,setengah_matang
images/setengah_matang/IMG_E9356.JPG,setengah_matang
images/setengah_matang/IMG_E9357.JPG,setengah_matang
